DateReceived,DateSent
2012-01-04,Yes - 5 Jan
,NRN - 5 Jan
2017-01-03,2017-01-06
2017-01-03,2017-01-05
2017-01-03,2017-01-10
2017-01-04,2017-01-04
2017-01-04,2017-01-05
2017-01-04,N/A
2017-01-04,N/A
2017-01-05,N/A
2017-01-09,N/A
2017-01-10,N/A
2017-01-10,2017-02-06
2017-01-10,2017-02-15
2017-01-11,2017-01-13
2017-01-13,2017-01-13
2017-01-17,2017-01-25
2017-01-20,2017-01-31
2017-01-23,2017-01-23
2017-01-23,N/A
2017-01-24,2017-02-10
2017-01-24,2017-02-10
2017-01-24,2017-02-15
2017-01-26,N/A
2017-01-28,2017-02-07
2017-01-31,2017-02-06
2017-01-31,2017-03-02
2017-01-31,2017-02-06
2017-02-01,2017-02-07
2017-02-01,N/A
2017-02-06,2017-02-28
2017-02-07,2017-02-08
2017-02-07,2017-02-09
2017-02-08,N/A
2017-02-28,2017-03-02
2017-03-07,2017-03-24
2017-03-14,2017-03-22
2017-03-15,2017-03-20
2017-03-17,2017-03-24
2017-03-17,2017-03-28
2017-03-22,2017-03-24
2017-03-23,2017-04-20
2017-03-27,2017-03-30
2017-03-28,N/A
2017-03-29,2017-04-03
2017-04-04,2017-04-19
2017-04-04,N/A
2017-04-04,N/A
2017-04-04,N/A
2017-04-07,2017-04-25
2017-04-10,2017-04-11
2017-04-11,NRN
2017-04-11,NRN
2017-04-11,2017-04-27
2017-04-12,2017-05-08
2017-04-25,2017-04-25
2017-04-25,2017-05-08
2017-04-27,2017-05-10
2017-04-27,NRN
2017-05-02,NRN
2017-05-08,NRN
2017-05-08,NRN
2017-05-10,NRN
2017-05-15,2017-05-18
2017-05-17,NRN
2017-05-18,N/A
2017-05-31,N/A
2017-05-31,N/A
2017-06-02,2017-06-22
2017-06-06,n/a
2017-06-06,2017-06-20
2017-06-07,2017-06-20
2017-06-07,2017-06-08
2017-06-09,2017-06-09
2017-06-12,NRN
2017-06-13,N/A
2017-06-14,N/A
2017-06-15,2017-07-19
2017-06-20,N/A
2017-06-21,N/A
2017-06-21,2017-06-28
2017-06-21,2017-06-28
2017-06-21,2017-06-28
2017-06-22,2017-07-19
2017-06-26,2017-06-29
2017-06-27,2017-07-03
2017-06-30,2017-07-19
2017-06-30,na
2017-07-02,NRN
2017-07-04,2017-07-17
2017-07-04,2017-07-10
2017-07-04,2017-07-04
2017-07-10,na
2017-07-11,N/A
2017-07-11,na
2017-07-12,na
2017-07-12,na
2017-07-13,NRN
2017-07-19,2017-06-22
2017-07-20,2017-07-25
2017-07-20,NRN
2017-07-21,NRN
2017-07-24,NRN
2017-07-27,NRN
2017-07-28,NRN
2017-07-30,2017-07-05
2017-08-02,NRN
2017-08-10,NRN
2017-08-11,NRN
2017-08-14,2017-09-06
2017-08-14,NRN
2017-08-14,NRN
2017-08-14,NRN
2017-08-14,NRN
2017-08-14,NRN
2017-08-14,NRN
2017-08-14,NRN
2017-08-14,NRN
2017-08-14,NRN
2017-08-14,NRN
2017-08-15,NRN
2017-08-16,NRN
2017-08-17,NRN
2017-08-17,NRN
2017-08-17,NRN
2017-08-17,2017-08-24
2017-08-17,NRN
2017-08-17,NRN
2017-08-22,NRN
2017-08-22,NRN
2017-08-23,NRN
2017-08-23,NRN
2017-08-25,NRN
2017-08-30,NRN
2017-08-30,NRN
2017-08-31,NRN
2017-09-02,NRN
2017-09-04,NRN
2017-09-05,NRN
2017-09-05,NRN
2017-09-05,NRN
2017-09-06,NRN
2017-09-07,NRN
2017-09-11,NRN
2017-09-11,NRN
2017-09-11,NRN
2017-09-13,2017-09-27
2017-09-13,NRN
2017-09-14,NRN
2017-09-14,NRN
2017-09-14,NRN
2017-09-15,NRN
2017-09-15,NRN
2017-09-19,2017-10-04
2017-09-21,NRN
2017-09-22,NRN
2017-09-26,2017-09-29
2017-09-26,NRN
2017-10-02,2017-10-03
2017-10-02,Sent
2017-10-02,2017-10-04
2017-10-05,2017-10-12
2017-10-06,2017-10-11
2017-10-06,NRN
2017-10-09,NRN
2017-10-18,2017-10-19
2017-10-24,2017-11-14
2017-10-27,NRN
2017-11-13,2017-11-13
2017-12-29,No Reply Required
2017-12-29,No Reply Required
2017-12-29,No Reply Required
2017-12-29,No Reply Required
2017-12-29,No Reply Required
2017-12-29,NRN
2017-12-29,2018-01-31
2017-12-29,NRN
2017-12-29,NRN
2017-12-29,NRN
2017-12-29,NRN
,2017-10-30
